"","title.link","title.name","exclusive","cumulative_rank","Type","rating","AVG_Nmpaa_comp","AVG_Ngenre_comp","Holiday_distance","sequel"
"1","flixpatrol.com/title/the-lost-daughter/","The Lost Daughter",0,2,1,6.7,8,24,1,0
"2","flixpatrol.com/title/dark-shadows/","Dark Shadows",0,1,1,6.2,37,55,1,0
"3","flixpatrol.com/title/rise-of-the-guardians/","Rise of the Guardians",0,1,1,7.2,29,165,1,0
"4","flixpatrol.com/title/tides/","Tides",0,1,1,5.4,8,100,2,0
"5","flixpatrol.com/title/the-longest-yard-2005/","The Longest Yard",0,2,1,6.4,39,44,1,0
"6","flixpatrol.com/title/the-town/","The Town",0,2,1,7.5,8,50,1,0
"7","flixpatrol.com/title/first-sunday/","First Sunday",0,2,1,4.5,39,68,1,0
"8","flixpatrol.com/title/300/","300",0,1,1,7.6,8,57,2,0
"9","flixpatrol.com/title/emily-in-paris/","Emily in Paris",1,4,0,6.9,17,71.5,1,1
"10","flixpatrol.com/title/hype-house/","Hype House",1,1,0,1.9,17,4,2,0
"11","flixpatrol.com/title/queer-eye/","Queer Eye",1,3,0,8.5,39,3.5,1,1
"12","flixpatrol.com/title/brazen/","Brazen",0,2,1,4.1,37,75.5,2,0
"13","flixpatrol.com/title/after-we-fell/","After We Fell",0,1,1,4.7,12,39,3,0
"14","flixpatrol.com/title/under-suspicion-2000/","Under Suspicion",0,1,1,6.4,45,56,3,0
"15","flixpatrol.com/title/riverdance-the-animated-adventure/","Riverdance: The Animated Adventure",1,1,1,5.5,4,107,3,0
"16","flixpatrol.com/title/the-god-committee/","The God Committee",0,1,1,5.8,3,30,3,0
"17","flixpatrol.com/title/cobra-kai/","Cobra Kai",1,4,0,8.5,114,200.857142857143,1,1
"18","flixpatrol.com/title/stay-close/","Stay Close",1,4,0,6.9,18.3333333333333,62.3333333333333,1,0
"19","flixpatrol.com/title/the-witcher/","The Witcher",1,6,0,8.1,18.3333333333333,115,1,1
"20","flixpatrol.com/title/the-royal-treatment/","The Royal Treatment",1,2,1,5.2,23,56,3,0
"21","flixpatrol.com/title/munich-the-edge-of-war/","Munich: The Edge of War",1,1,1,6.8,27,55,4,0
"22","flixpatrol.com/title/dont-look-up-2021/","Don't Look Up",1,6,1,7.2,9.75,85.5,1,0
"23","flixpatrol.com/title/aileen-wuornos-american-boogeywoman/","Aileen Wuornos: American Boogeywoman",0,1,1,3.8,11,50,4,0
"24","flixpatrol.com/title/annabelle-creation/","Annabelle: Creation",0,2,1,6.5,11.5,25.5,3,0
"25","flixpatrol.com/title/just-go-with-it/","Just Go with It",0,4,1,6.4,34.5,39.75,1,0
"26","flixpatrol.com/title/my-fathers-violin/","My Father's Violin",1,1,1,6.4,27,34,4,0
"27","flixpatrol.com/title/journey-2-the-mysterious-island/","Journey 2: The Mysterious Island",0,4,1,5.7,26,147.333333333333,1,1
"28","flixpatrol.com/title/amandla/","Amandla",1,1,1,5.6,24,45,4,0
"29","flixpatrol.com/title/archive-81/","Archive 81",1,3,0,7.3,21.3333333333333,81.6666666666667,2,0
"30","flixpatrol.com/title/cheer/","Cheer",1,3,0,8.1,21.3333333333333,3.66666666666667,2,1
"31","flixpatrol.com/title/transformers-revenge-of-the-fallen/","Transformers: Revenge of the Fallen",0,1,1,5.9,26,64,5,1
"32","flixpatrol.com/title/can-you-keep-a-secret/","Can You Keep a Secret?",0,1,1,5.3,18,34,5,0
"33","flixpatrol.com/title/the-lucky-one/","The Lucky One",0,1,1,6.4,26,44,5,0
"34","flixpatrol.com/title/thats-my-boy/","That's My Boy",0,1,1,5.5,16,30,5,0
"35","flixpatrol.com/title/countdown-2019/","Countdown",0,1,1,5.4,26,22,5,0
"36","flixpatrol.com/title/in-from-the-cold/","In From the Cold",1,2,0,6.3,21,116.5,4,0
"37","flixpatrol.com/title/transformers-dark-of-the-moon/","Transformers: Dark of the Moon",0,2,1,6.2,26,66.5,5,1
"38","flixpatrol.com/title/the-other-guys/","The Other Guys",0,1,1,6.6,48,69,6,0
"39","flixpatrol.com/title/home-team/","Home Team",1,3,1,6,25,35.3333333333333,4,0
"40","flixpatrol.com/title/through-my-window/","Through My Window",1,1,1,5.4,22,67,6,0
"41","flixpatrol.com/title/warrior-2015/","Warrior",0,1,1,8.2,26,54,6,0
"42","flixpatrol.com/title/the-woman-in-the-house-across-the-street-from-the-girl-in-the-window/","The Woman in the House Across the Street from the Girl in the Window",1,3,0,6.4,21.3333333333333,99.3333333333333,4,0
"43","flixpatrol.com/title/tall-girl-2/","Tall Girl 2",1,2,1,4.7,21.5,85,6,1
"44","flixpatrol.com/title/fistful-of-vengeance/","Fistful of Vengeance",1,1,1,4.4,22,87,7,0
"45","flixpatrol.com/title/the-hangover/","The Hangover",0,2,1,7.7,48.5,34.5,6,0
"46","flixpatrol.com/title/last-man-down/","Last Man Down",0,1,1,3.6,11,43,7,0
"47","flixpatrol.com/title/raising-dion/","Raising Dion",1,3,0,7.1,5.66666666666667,48.6666666666667,5,1
"48","flixpatrol.com/title/catching-killers/","Catching Killers",1,2,0,7.1,22,18,6,1
"49","flixpatrol.com/title/texas-chainsaw-massacre/","Texas Chainsaw Massacre",1,2,1,4.7,12.5,29,7,0
"50","flixpatrol.com/title/the-tinder-swindler/","The Tinder Swindler",1,4,1,7.1,20.75,17.5,5,0
"51","flixpatrol.com/title/st-vincent/","St. Vincent",0,2,1,7.2,38.5,67.5,7,0
"52","flixpatrol.com/title/blackhat/","Blackhat",0,2,1,5.4,12.5,52,7,0
"53","flixpatrol.com/title/downfall-the-case-against-boeing/","Downfall: The Case Against Boeing",1,1,1,7.4,39,3,8,0
"54","flixpatrol.com/title/halloween/","Halloween",0,1,1,7.7,74,17,8,0
"55","flixpatrol.com/title/the-cuphead-show/","The Cuphead Show!",1,2,0,7.4,21.5,148.5,7,0
"56","flixpatrol.com/title/all-of-us-are-dead/","All of Us Are Dead",1,5,0,7.5,21.4,109.2,4,0
"57","flixpatrol.com/title/space-force/","Space Force",1,1,0,6.7,21,35,8,1
"58","flixpatrol.com/title/just-like-heaven/","Just Like Heaven",0,1,1,6.7,61,86,9,0
"59","flixpatrol.com/title/battleship/","Battleship",0,1,1,5.8,37,97,9,0
"60","flixpatrol.com/title/21-bridges/","21 Bridges",0,1,1,6.6,11,94,9,0
"61","flixpatrol.com/title/against-the-ice/","Against the Ice",1,1,1,6.5,22,68,9,0
"62","flixpatrol.com/title/restless-2022/","Restless",1,2,1,5.2,38,41,8,0
"63","flixpatrol.com/title/jeen-yuhs-a-kanye-trilogy/","jeen-yuhs: A Kanye Trilogy",1,3,0,8,21.6666666666667,2.66666666666667,7,0
"64","flixpatrol.com/title/sweet-magnolias/","Sweet Magnolias",1,5,0,7.3,33.2,38,5,1
"66","flixpatrol.com/title/shooter/","Shooter",0,1,1,7.5,35,58,10,0
"67","flixpatrol.com/title/the-weekend-away/","The Weekend Away",1,2,1,5.6,36,68.5,9,0
"68","flixpatrol.com/title/coach-carter/","Coach Carter",0,1,1,7.3,35,37,10,0
"69","flixpatrol.com/title/21/","21",0,1,1,6.8,35,63,10,0
"70","flixpatrol.com/title/the-green-mile/","The Green Mile",0,1,1,8.6,45,62,10,0
"71","flixpatrol.com/title/vikings-valhalla/","Vikings: Valhalla",1,3,0,7.3,21,102,8,0
"72","flixpatrol.com/title/tyler-perrys-a-madea-homecoming/","Tyler Perry's A Madea Homecoming",1,4,1,5.6,20,73,8,0
"73","flixpatrol.com/title/life-after-death-with-tyler-henry/","Life After Death with Tyler Henry",1,2,0,6.1,18.5,4.5,10,0
"74","flixpatrol.com/title/worst-roommate-ever/","Worst Roommate Ever",1,3,0,7,19.6666666666667,29.6666666666667,9,0
"75","flixpatrol.com/title/black-crab/","Black Crab",1,2,1,5.7,19,129.5,11,0
"76","flixpatrol.com/title/a-walk-among-the-tombstones/","A Walk Among the Tombstones",0,2,1,6.5,7,95,11,0
"77","flixpatrol.com/title/rescued-by-ruby/","Rescued by Ruby",1,2,1,7.1,4,51,11,0
"78","flixpatrol.com/title/windfall/","Windfall",1,2,1,5.7,7,61.5,11,0
"79","flixpatrol.com/title/london-has-fallen/","London Has Fallen",0,2,1,5.9,7,46,11,1
"80","flixpatrol.com/title/in-good-hands/","In Good Hands",1,1,1,5.7,21,74,10,0
"81","flixpatrol.com/title/bad-vegan-fame-fraud-fugitives/","Bad Vegan: Fame. Fraud. Fugitives.",1,2,0,5.9,19,11,11,0
"82","flixpatrol.com/title/human-resources-2022/","Human Resources",1,2,0,7.2,19,54,11,0
"83","flixpatrol.com/title/top-boy-2019/","Top Boy",1,1,0,8.4,23,64,10,1
"84","flixpatrol.com/title/blade-runner-2049/","Blade Runner 2049",0,2,1,8,30,109.5,10,0
"85","flixpatrol.com/title/trust-no-one-the-hunt-for-the-crypto-king/","Trust No One: The Hunt for the Crypto King",1,1,1,6.3,22,9,9,0
"86","flixpatrol.com/title/sherlock-holmes-a-game-of-shadows/","Sherlock Holmes: A Game of Shadows",0,1,1,7.4,35,55,9,1
"87","flixpatrol.com/title/blade-trinity/","Blade: Trinity",0,1,1,5.8,74,46,9,1
"88","flixpatrol.com/title/good-girls/","Good Girls",1,4,0,7.7,37,72.5,10,1
"89","flixpatrol.com/title/the-last-kingdom/","The Last Kingdom",1,4,0,8.5,20,66.25,10,1
"90","flixpatrol.com/title/pieces-of-her/","Pieces of Her",1,5,0,6.3,20.4,68.2,9,0
"91","flixpatrol.com/title/monster-in-law/","Monster-in-Law",0,1,1,5.5,32,35,8,0
"92","flixpatrol.com/title/the-bubble-2022/","The Bubble",1,2,1,4.7,8.5,26,9,0
"93","flixpatrol.com/title/mollys-game/","Molly's Game",0,1,1,7.4,7,61,8,0
"94","flixpatrol.com/title/blow/","Blow",0,1,1,7.5,7,57,8,0
"95","flixpatrol.com/title/is-it-cake/","Is It Cake?",1,4,0,5.8,26.75,4.75,11,0
"96","flixpatrol.com/title/heartland/","Heartland",0,2,0,8.5,58,50,9,1
"97","flixpatrol.com/title/get-organized-with-the-home-edit/","Get Organized with The Home Edit",1,2,0,5.5,24.5,5,9,1
"98","flixpatrol.com/title/the-call/","The Call",1,1,1,8.6,63,40,7,0
"99","flixpatrol.com/title/without-a-paddle/","Without a Paddle",0,2,1,5.8,32,62,8,0
"100","flixpatrol.com/title/catch-and-release/","Catch and Release",0,2,1,5.9,32,73.5,8,0
"101","flixpatrol.com/title/four-brothers/","Four Brothers",0,2,1,6.8,7,92.5,8,0
"102","flixpatrol.com/title/hop/","Hop",0,1,1,5.4,44,124,7,0
"103","flixpatrol.com/title/our-great-national-parks/","Our Great National Parks",1,1,0,8.1,31,2,7,0
"104","flixpatrol.com/title/inventing-anna/","Inventing Anna",1,10,0,6.8,20.9,34,6,0
"105","flixpatrol.com/title/choose-or-die/","Choose or Die",1,2,1,4.8,20.5,60,7,0
"106","flixpatrol.com/title/the-blind-side/","The Blind Side",0,4,1,7.6,59.5,48,9,0
"107","flixpatrol.com/title/shrek-2/","Shrek 2",0,6,1,7.3,31.1666666666667,112.5,9,1
"108","flixpatrol.com/title/ouija-origin-of-evil/","Ouija: Origin of Evil",0,1,1,6.2,32,72,6,1
"109","flixpatrol.com/title/better-call-saul/","Better Call Saul",0,3,0,8.9,52.3333333333333,51.6666666666667,8,1
"110","flixpatrol.com/title/queen-of-the-south/","Queen of the South",0,3,0,8,20.3333333333333,88.6666666666667,8,1
"111","flixpatrol.com/title/365-days-this-day/","365 Days : This Day",1,1,1,2.6,23,47,5,0
"112","flixpatrol.com/title/the-mystery-of-marilyn-monroe-the-unheard-tapes/","The Mystery of Marilyn Monroe: The Unheard Tapes",1,1,1,6.2,33,9,5,0
"113","flixpatrol.com/title/how-it-ends-2021/","How It Ends",0,2,1,5.2,11.5,74,6,0
"114","flixpatrol.com/title/silverton-siege/","Silverton Siege",0,1,1,6.3,23,100,5,0
"115","flixpatrol.com/title/shrek-forever-after/","Shrek Forever After",0,5,1,6.3,26.2,116,9,0
"116","flixpatrol.com/title/white-hot-the-rise-fall-of-abercrombie-fitch/","White Hot: The Rise & Fall of Abercrombie & Fitch",1,2,1,5.7,32.5,2,6,0
"117","flixpatrol.com/title/shrek/","Shrek",0,7,1,7.9,25.8571428571429,113.857142857143,9,0
"118","flixpatrol.com/title/cleaner-2020/","Cleaner",0,3,1,6.1,10,17.3333333333333,7,0
"119","flixpatrol.com/title/the-adam-project/","The Adam Project",1,8,1,6.7,34.625,95.25,10,0
"120","flixpatrol.com/title/anatomy-of-a-scandal/","Anatomy of a Scandal",1,3,0,7,21.3333333333333,55.3333333333333,7,0
"121","flixpatrol.com/title/the-ultimatum-marry-or-move-on/","The Ultimatum: Marry or Move On",1,4,0,5.5,21,5,8,0
"122","flixpatrol.com/title/the-gentlemen/","The Gentlemen",0,1,1,7.8,7,75,4,0
"123","flixpatrol.com/title/rambo-last-blood/","Rambo: Last Blood",0,1,1,6.1,7,57,4,1
"124","flixpatrol.com/title/kung-fu-panda-3/","Kung Fu Panda 3",0,2,1,7.1,23,142.5,5,1
"125","flixpatrol.com/title/war-of-the-worlds/","War of the Worlds",0,1,1,6.5,36,72,4,0
"126","flixpatrol.com/title/honeymoon-with-my-mother/","Honeymoon with My Mother",1,1,1,5.8,23,33,4,0
"127","flixpatrol.com/title/rambo/","Rambo",0,1,1,7,30,72,4,0
"128","flixpatrol.com/title/meltdown-three-mile-island/","Meltdown: Three Mile Island",1,1,0,6.8,36,7,4,0
"129","flixpatrol.com/title/bullsht-the-game-show/","Bullsh*t the Game Show",1,2,0,6.2,34.5,5.5,5,0
"130","flixpatrol.com/title/the-marked-heart/","The Marked Heart",1,3,0,6.5,21.6666666666667,55,6,0
"131","flixpatrol.com/title/married-at-first-sight-2017/","Married At First Sight",0,4,0,6.2,33.25,12.75,7,1
"132","flixpatrol.com/title/us-marshals/","U.S. Marshals",0,2,1,6.5,38.5,56.5,4,0
"133","flixpatrol.com/title/the-takedown/","The Takedown",1,1,1,5.7,19,112,3,0
"134","flixpatrol.com/title/forgetting-sarah-marshall/","Forgetting Sarah Marshall",0,1,1,7.1,46,84,3,0
"135","flixpatrol.com/title/forrest-gump/","Forrest Gump",0,2,1,8.8,62,46,4,0
"136","flixpatrol.com/title/welcome-to-eden/","Welcome to Eden",1,1,0,5.5,19,94,3,0
"137","flixpatrol.com/title/grace-and-frankie/","Grace and Frankie",1,3,0,8.2,21.6666666666667,34.6666666666667,5,1
"138","flixpatrol.com/title/selling-sunset/","Selling Sunset",1,4,0,6.5,21,5,6,1
"139","flixpatrol.com/title/bridgerton/","Bridgerton",1,8,0,7.4,21.125,50.375,10,0
"140","flixpatrol.com/title/borrego/","Borrego",0,1,1,5.3,10,19,2,0
"141","flixpatrol.com/title/operation-mincemeat/","Operation Mincemeat",0,2,1,6.6,36,37,3,0
"142","flixpatrol.com/title/marmaduke-2022/","Marmaduke",1,2,1,3.1,26,84.5,3,0
"143","flixpatrol.com/title/den-of-thieves/","Den of Thieves",0,3,1,7,43.3333333333333,95.3333333333333,4,0
"144","flixpatrol.com/title/happy-gilmore/","Happy Gilmore",0,3,1,7,60.6666666666667,38,4,0
"145","flixpatrol.com/title/who-killed-sara/","Who Killed Sara?",1,1,0,6.4,21,96,2,1
"146","flixpatrol.com/title/bling-empire/","Bling Empire",1,2,0,5.8,37,9,3,1
"147","flixpatrol.com/title/workin-moms/","Workin' Moms",1,2,0,7.8,20,72,3,1
"148","flixpatrol.com/title/outlander-2014/","Outlander",0,2,0,8.4,46,66.5,3,1
"149","flixpatrol.com/title/jackass-45/","Jackass 4.5",0,2,1,6.5,21.5,66,2,1
"150","flixpatrol.com/title/ben-is-back/","Ben Is Back",0,1,1,6.7,10,38,1,0
"151","flixpatrol.com/title/our-father-2022/","Our Father",1,3,1,6.6,20.6666666666667,20.3333333333333,3,0
"152","flixpatrol.com/title/toscana/","Toscana",1,1,1,5.7,22,46,1,0
"153","flixpatrol.com/title/fck-love-too/","F*ck Love Too",1,1,1,3.8,22,52,1,0
"154","flixpatrol.com/title/the-boss-baby-back-in-the-crib/","The Boss Baby: Back in the Crib",1,2,0,6.1,29,142.5,2,0
"155","flixpatrol.com/title/the-circle-2020/","The Circle",1,4,0,5.3,34.2,69.4,4,1
"156","flixpatrol.com/title/love-on-the-spectrum-us/","Love on the Spectrum U.S.",1,2,0,8.2,32,90,2,0
"157","flixpatrol.com/title/disappearance-at-clifton-hill/","Disappearance at Clifton Hill",0,1,1,5.4,3,62,0,0
"158","flixpatrol.com/title/anchorman-the-legend-of-ron-burgundy/","Anchorman: The Legend of Ron Burgundy",0,1,1,7.1,66,42,0,0
"159","flixpatrol.com/title/senior-year/","Senior Year",1,4,1,5.5,8.75,75.5,3,0
"160","flixpatrol.com/title/a-perfect-pairing/","A Perfect Pairing",1,3,1,6.1,31.3333333333333,47.3333333333333,2,0
"161","flixpatrol.com/title/we-die-young-2019/","We Die Young",0,1,1,5.2,10,88,0,0
"162","flixpatrol.com/title/top-gun/","Top Gun",0,2,1,8.3,31.5,60,1,0
"163","flixpatrol.com/title/rrr/","RRR",0,2,1,7.9,4,91,1,0
"164","flixpatrol.com/title/charlie-and-the-chocolate-factory/","Charlie and the Chocolate Factory",0,6,1,6.7,70,112.333333333333,1,0
"165","flixpatrol.com/title/wrong-side-of-the-tracks/","Wrong Side of the Tracks",1,3,0,4.9,4.33333333333333,5,2,0
"167","flixpatrol.com/title/dumb-and-dumber/","Dumb and Dumber",0,1,1,7.3,35,40,1,0
"168","flixpatrol.com/title/10000-bc/","10,000 BC",0,1,1,5.1,61,117,1,0
"169","flixpatrol.com/title/the-hurt-locker/","The Hurt Locker",0,1,1,7.5,6,51,1,0
"170","flixpatrol.com/title/mission-impossible/","Mission: Impossible",0,1,1,7.7,34,69,1,0
"171","flixpatrol.com/title/brahms-the-boy-ii/","Brahms: The Boy II",0,1,1,4.7,34,68,1,1
"172","flixpatrol.com/title/the-lincoln-lawyer-2022/","The Lincoln Lawyer",1,5,0,7.7,22.2,83.8,3,0
"173","flixpatrol.com/title/ozark/","Ozark",1,14,0,8.5,22.0714285714286,64.7857142857143,3,1
"174","flixpatrol.com/title/the-amazing-spider-man/","The Amazing Spider-Man",0,3,1,6.9,60.6666666666667,75,0,1
"175","flixpatrol.com/title/mission-impossible-ghost-protocol/","Mission: Impossible - Ghost Protocol",0,2,1,7.4,32.5,70.5,1,1
"176","flixpatrol.com/title/titanic-1997/","Titanic",0,6,1,7.9,59.5,42.5,1,0
"177","flixpatrol.com/title/interceptor/","Interceptor",1,3,1,4.6,23.6666666666667,105.666666666667,0,0
"178","flixpatrol.com/title/collision-2022/","Collision",1,1,1,7.5,27,71,2,0
"179","flixpatrol.com/title/first-kill-2022/","First Kill",1,2,0,5.9,8,81,1,0
"180","flixpatrol.com/title/keep-sweet-pray-and-obey/","Keep Sweet: Pray and Obey",1,2,0,7.3,24.5,18,1,0
"181","flixpatrol.com/title/peaky-blinders/","Peaky Blinders",0,2,0,8.8,24.5,52,1,1
"182","flixpatrol.com/title/chickenhare-and-the-hamster-of-darkness/","Chickenhare and the Hamster of Darkness",0,2,1,6.3,25,109.5,2,0
"183","flixpatrol.com/title/halftime/","Halftime",1,2,1,6.5,22.5,8.5,2,0
"184","flixpatrol.com/title/the-royal-hunt-of-the-sun/","The Royal Hunt of the Sun",1,2,0,6.1,13,69.5,2,0
"185","flixpatrol.com/title/gods-favorite-idiot/","God's Favorite Idiot",1,2,0,5.7,22.5,61,2,0
"186","flixpatrol.com/title/iron-chef-quest-for-an-iron-legend/","Iron Chef: Quest for an Iron Legend",1,1,0,7.1,12,3,2,0
"187","flixpatrol.com/title/the-mist/","The Mist",0,2,1,7.1,43,41.5,2,0
"188","flixpatrol.com/title/hustle-2022/","Hustle",1,4,1,7.3,9.75,74,1,1
"189","flixpatrol.com/title/backtrace/","Backtrace",0,2,1,3.8,11.5,88.5,2,0
"190","flixpatrol.com/title/love-gelato/","Love & Gelato",1,2,1,5.1,31.5,77.5,2,0
"191","flixpatrol.com/title/spiderhead/","Spiderhead",1,3,1,5.4,11,107.333333333333,2,0
"192","flixpatrol.com/title/it/","It",0,3,1,7.3,33.3333333333333,6.33333333333333,2,0
"193","flixpatrol.com/title/old-school/","Old School",0,1,1,7,46,35,1,0
"194","flixpatrol.com/title/snowflake-mountain/","Snowflake Mountain",1,1,0,5.5,22,2,1,0
"195","flixpatrol.com/title/final-score/","Final Score",0,1,1,5.8,16,75,0,0
"196","flixpatrol.com/title/wanted-2009/","Wanted",0,1,1,6.7,63,60,0,0
"197","flixpatrol.com/title/leave-no-trace-2022/","Leave No Trace",0,1,1,7.1,20,60,0,0
"198","flixpatrol.com/title/wild-card-2015/","Wild Card",0,2,1,5.6,14.5,89,1,0
"199","flixpatrol.com/title/the-unxplained/","The UnXplained",0,2,0,7.2,25.5,6,1,0
"200","flixpatrol.com/title/all-american/","All American",0,6,0,7.6,30.5,36,0,1
"201","flixpatrol.com/title/legacies/","Legacies",0,2,0,7.3,25.5,102.5,1,1
"202","flixpatrol.com/title/barefoot-2017/","Barefoot",0,1,1,6.5,32,78,1,0
"203","flixpatrol.com/title/the-dark-knight-rises/","The Dark Knight Rises",0,2,1,8.4,28.5,78.5,0,0
"204","flixpatrol.com/title/the-umbrella-academy/","The Umbrella Academy",1,4,0,7.9,53.5,165.5,2,1
"205","flixpatrol.com/title/db-cooper-where-are-you/","D.B. Cooper: Where Are You?!",1,1,0,5.4,32,39,1,0
"206","flixpatrol.com/title/the-flash-2014/","The Flash",0,1,0,7.5,18,108,1,1
"207","flixpatrol.com/title/chips/","CHiPS",0,2,1,6.4,59,61.5,1,0
"208","flixpatrol.com/title/girl-in-the-picture/","Girl in the Picture",1,3,1,7.2,23,32,0,0
"209","flixpatrol.com/title/pan/","Pan",0,1,1,5.8,20,143,2,0
"210","flixpatrol.com/title/mean-girls/","Mean Girls",0,3,1,7.1,27.6666666666667,36,0,0
"211","flixpatrol.com/title/alba-2021/","Alba",1,1,0,6.4,20,35,2,0
"212","flixpatrol.com/title/the-sea-beast/","The Sea Beast",1,4,1,7,20,117.25,0,0
"213","flixpatrol.com/title/the-man-from-toronto/","The Man From Toronto",1,6,1,5.8,29.3333333333333,106.666666666667,2,0
"214","flixpatrol.com/title/persuasion-2022/","Persuasion",1,3,1,5.8,20,43.6666666666667,1,0
"215","flixpatrol.com/title/12-strong/","12 Strong",0,3,1,6.5,12.6666666666667,61.3333333333333,1,0
"216","flixpatrol.com/title/shania-twain-not-just-a-girl/","Shania Twain: Not Just a Girl",0,1,1,7,5,11,3,0
"217","flixpatrol.com/title/too-old-for-fairy-tales/","Too Old for Fairy Tales",1,1,1,6.2,5,52,3,0
"218","flixpatrol.com/title/resident-evil-2022/","Resident Evil",1,3,0,6.6,12.6666666666667,47.3333333333333,1,0
"219","flixpatrol.com/title/all-american-homecoming/","All American: Homecoming",0,3,0,6.2,29.3333333333333,35.3333333333333,1,0
"220","flixpatrol.com/title/the-age-of-adaline/","The Age of Adaline",0,1,1,7.2,29,68,4,0
"221","flixpatrol.com/title/men-in-black-3/","Men in Black 3",0,1,1,6.8,29,106,4,1
"222","flixpatrol.com/title/tower-heist/","Tower Heist",0,1,1,6.2,29,73,4,0
"223","flixpatrol.com/title/spider-man-2/","Spider-Man 2",0,1,1,7.4,50,70,4,1
"224","flixpatrol.com/title/uncoupled/","Uncoupled",1,1,0,7,25,84,4,0
"225","flixpatrol.com/title/alone-2015/","Alone",0,5,0,6.2,13.2,68.6,0,1
"226","flixpatrol.com/title/the-most-hated-man-on-the-internet/","The Most Hated Man on the Internet",1,2,0,6.8,25,19.5,3,0
"227","flixpatrol.com/title/flight/","Flight",0,1,1,7.3,37,57,5,0
"228","flixpatrol.com/title/the-nice-guys/","The Nice Guys",0,1,1,7.3,11,95,5,0
"229","flixpatrol.com/title/wedding-season/","Wedding Season",1,2,1,6.3,24,47,4,0
"230","flixpatrol.com/title/carter/","Carter",1,2,1,7.3,29,47.5,4,0
"231","flixpatrol.com/title/i-just-killed-my-dad/","I Just Killed My Dad",1,1,0,6.7,26,19,5,0
"232","flixpatrol.com/title/trainwreck-woodstock-99/","Trainwreck: Woodstock '99",0,2,0,7.4,25.5,6.5,4,0
"233","flixpatrol.com/title/indian-matchmaking/","Indian Matchmaking",1,1,0,6.2,29,19,5,1
"234","flixpatrol.com/title/keep-breathing/","Keep Breathing",1,3,0,5.3,25.3333333333333,82.3333333333333,3,0
"235","flixpatrol.com/title/purple-hearts/","Purple Hearts",1,4,1,6.7,29.75,47.75,3,0
"236","flixpatrol.com/title/the-informer/","The Informer",0,2,1,6.6,9,88.5,5,0
"237","flixpatrol.com/title/endless-love-2017/","Endless Love",0,1,1,4.9,7,45,6,0
"238","flixpatrol.com/title/locke-key/","Locke & Key",1,2,0,7.3,30,84,5,1
"239","flixpatrol.com/title/instant-dream-home/","Instant Dream Home",1,1,0,6.4,14,5,6,0
"240","flixpatrol.com/title/riverdale/","Riverdale",0,2,0,6.6,30,70,5,1
"241","flixpatrol.com/title/extraordinary-attorney-woo/","Extraordinary Attorney Woo",1,2,0,8.7,30,36.5,4,0
"242","flixpatrol.com/title/untold-the-girlfriend-who-didnt-exist/","Untold: The Girlfriend Who Didn't Exist",1,2,1,7.2,25.5,9.5,6,1
"243","flixpatrol.com/title/day-shift/","Day Shift",1,3,1,6.1,10.6666666666667,102.333333333333,5,0
"244","flixpatrol.com/title/running-with-the-devil-the-wild-world-of-john-mcafee/","Running with the Devil: The Wild World of John McAfee",1,1,1,5.9,23,18,7,0
"245","flixpatrol.com/title/uncharted/","Uncharted",0,4,1,6.3,29.75,51.25,4,0
"246","flixpatrol.com/title/the-next-365-days/","The Next 365 Days",1,2,1,2.7,25.5,47.5,6,0
"247","flixpatrol.com/title/the-gray-man-2022/","The Gray Man",1,6,1,6.5,29.1666666666667,40.3333333333333,2,0
"248","flixpatrol.com/title/untold-the-rise-and-fall-of-and1/","Untold: The Rise and Fall of AND1",1,1,1,6.8,23,9,7,1
"249","flixpatrol.com/title/glow-up-britains-next-make-up-star/","Glow Up: Britain's Next Make-Up Star",1,1,0,6.9,30,8,7,1
"250","flixpatrol.com/title/mo/","Mo",1,1,0,7.6,23,80,7,0
"251","flixpatrol.com/title/collateral/","Collateral",0,1,1,7.5,12,95,8,0
"252","flixpatrol.com/title/loving-adults/","Loving Adults",0,1,1,6.5,24,68,8,0
"253","flixpatrol.com/title/thats-amor/","That's Amor",1,1,1,5.3,25,42,8,0
"254","flixpatrol.com/title/snow-white-the-huntsman/","Snow White & the Huntsman",0,1,1,6.1,25,132,8,1
"255","flixpatrol.com/title/look-both-ways/","Look Both Ways",0,3,1,6.3,28.6666666666667,86.6666666666667,6,0
"256","flixpatrol.com/title/high-heat/","High Heat",1,3,0,4.8,11,76.6666666666667,6,0
"257","flixpatrol.com/title/selling-the-oc/","Selling The OC",1,2,0,5.5,23.5,4,7,0
"258","flixpatrol.com/title/virgin-river/","Virgin River",1,7,0,7.4,28.5714285714286,47,2,1
"259","flixpatrol.com/title/never-have-i-ever/","Never Have I Ever",1,4,0,7.8,28.75,77,5,1
"260","flixpatrol.com/title/me-time/","Me Time",1,3,1,5.1,12.6666666666667,35.3333333333333,7,0
"261","flixpatrol.com/title/love-in-the-villa/","Love in the Villa",1,2,1,5.4,29,41,8,0
"262","flixpatrol.com/title/this-is-40/","This Is 40",0,2,1,6.2,12,82,8,0
"263","flixpatrol.com/title/i-came-by/","I Came By",1,2,1,6.1,24,17,8,0
"264","flixpatrol.com/title/the-poison-rose-2019/","The Poison Rose",0,1,1,4.7,12,41,9,0
"265","flixpatrol.com/title/i-survived-a-crime/","I Survived a Crime",0,1,0,6.4,3,10,9,0
"266","flixpatrol.com/title/dated-and-related/","Dated and Related",1,1,0,4.6,24,3,9,0
"267","flixpatrol.com/title/partner-track/","Partner Track",1,3,0,6.7,23.6666666666667,40.6666666666667,7,0
"268","flixpatrol.com/title/echoes/","Echoes",1,4,0,5.9,24.75,64.5,6,0
"269","flixpatrol.com/title/stranger-things/","Stranger Things",1,16,0,8.7,30.0625,109.8125,1,1
"270","flixpatrol.com/title/call-the-midwife/","Call the Midwife",0,1,0,8.6,52,42,9,1
"271","flixpatrol.com/title/the-sandman-2022/","The Sandman",1,6,0,7.7,25,93.3333333333333,4,0
"272","flixpatrol.com/title/end-of-the-road/","End of the Road",1,2,1,4.8,11,106.5,9,0
"273","flixpatrol.com/title/morbius/","Morbius",0,2,1,5.2,36.5,113.5,9,0
"274","flixpatrol.com/title/no-limit-2022/","No Limit",1,1,1,5.8,23,64,10,0
"275","flixpatrol.com/title/friday-2016/","Friday",0,1,1,7.2,50,76,10,0
"276","flixpatrol.com/title/the-imperfects/","The Imperfects",1,2,0,6.4,23.5,167.5,9,0
"277","flixpatrol.com/title/narco-saints/","Narco-Saints",1,1,0,7.3,23,90,10,0
"278","flixpatrol.com/title/this-is-the-end/","This Is the End",0,2,1,6.6,36,63,10,0
"279","flixpatrol.com/title/minions-more-volume-1/","Minions & More: Volume 1",0,1,1,6.5,21,105,9,0
"280","flixpatrol.com/title/the-mortal-instruments-city-of-bones/","The Mortal Instruments: City of Bones",0,1,1,5.8,32,105,9,0
"281","flixpatrol.com/title/despicable-me/","Despicable Me",0,7,1,7.6,29,131.285714285714,5,0
"282","flixpatrol.com/title/sins-of-our-mother/","Sins of Our Mother",1,2,0,7,36,21,10,0
"283","flixpatrol.com/title/love-is-blind-2020/","Love Is Blind",1,8,0,6.1,21.2142857142857,13.1428571428571,6,1
"284","flixpatrol.com/title/devil-in-ohio/","Devil in Ohio",1,4,0,5.9,23.75,70.25,8,0
"285","flixpatrol.com/title/lou-2022/","Lou",1,2,1,6.1,16.5,104,9,0
"286","flixpatrol.com/title/a-jazzmans-blues/","A Jazzman's Blues",1,2,1,6.7,16.5,43,9,0
"287","flixpatrol.com/title/father-stu/","Father Stu",0,3,1,6.5,47.6666666666667,42.6666666666667,10,0
"288","flixpatrol.com/title/elysium/","Elysium",0,1,1,6.6,18,97,8,0
"289","flixpatrol.com/title/the-munsters-2022/","The Munsters",0,1,1,4.5,20,98,8,0
"290","flixpatrol.com/title/do-revenge/","Do Revenge",1,3,1,6.3,21.3333333333333,38,10,0
"291","flixpatrol.com/title/in-the-dark-2019/","In the Dark",0,3,0,7.5,33.3333333333333,50,10,1
"292","flixpatrol.com/title/bling-ring-hollywood-heist/","Bling Ring: Hollywood Heist",1,2,0,5.7,20.5,14,9,0
"293","flixpatrol.com/title/fate-the-winx-saga/","Fate: The Winx Saga",1,3,0,6.8,21.3333333333333,119,10,1
"294","flixpatrol.com/title/conversations-with-a-killer-the-john-wayne-gacy-tapes/","Conversations with a Killer: The John Wayne Gacy Tapes",1,3,0,7.1,19.6666666666667,22,6,0
"295","flixpatrol.com/title/inheritance-2020/","Inheritance",0,2,1,5.5,16.5,67.5,8,0
"296","flixpatrol.com/title/rush-hour/","Rush Hour",0,1,1,7,29,103,7,0
"297","flixpatrol.com/title/mr-mrs-smith/","Mr. & Mrs. Smith",0,1,1,6.5,35,103,7,0
"298","flixpatrol.com/title/robin-hood-2018/","Robin Hood",0,1,1,6.6,29,87,7,0
"299","flixpatrol.com/title/blonde/","Blonde",1,2,1,5.5,16.5,47.5,8,0
"300","flixpatrol.com/title/rush-hour-2/","Rush Hour 2",0,1,1,6.6,29,103,7,1
"301","flixpatrol.com/title/high-water/","High Water",1,1,0,7.6,16,75,7,0
"302","flixpatrol.com/title/el-rey-vicente-fernandez/","El Rey, Vicente Fernández",1,4,0,7.3,32.25,44.25,10,0
"303","flixpatrol.com/title/dynasty-2017/","Dynasty",1,2,0,7.3,28.5,38,8,1
"304","flixpatrol.com/title/mr-harrigans-phone/","Mr. Harrigan's Phone",1,2,1,6,28.5,57.5,7,0
"305","flixpatrol.com/title/the-redeem-team/","The Redeem Team",1,2,1,7.4,17,6,7,0
"306","flixpatrol.com/title/scooby-doo-2-monsters-unleashed/","Scooby-Doo 2: Monsters Unleashed",0,1,1,5.2,33,138,6,1
"307","flixpatrol.com/title/17-again/","17 Again",0,1,1,6.4,52,111,6,0
"308","flixpatrol.com/title/conversations-with-a-killer-the-jeffrey-dahmer-tapes/","Conversations with a Killer: The Jeffrey Dahmer Tapes",1,2,0,7.3,17,18.5,7,0
"309","flixpatrol.com/title/oddballs-2022/","Oddballs",1,1,0,6.4,24,98,6,0
"310","flixpatrol.com/title/the-empress/","The Empress",1,3,0,7.8,17,47.6666666666667,8,0
"311","flixpatrol.com/title/the-great-british-bake-off/","The Great British Bake Off",0,3,0,8.6,23,7,8,1
"312","flixpatrol.com/title/dracula-untold/","Dracula Untold",0,1,1,6.2,28,99,5,0
"313","flixpatrol.com/title/blackout-2022/","Blackout",0,2,1,3.8,19.5,63,6,0
"314","flixpatrol.com/title/megamind/","Megamind",0,2,1,7.3,36,163,6,0
"315","flixpatrol.com/title/last-seen-alive/","Last Seen Alive",0,4,1,5.6,14.75,95,8,0
"316","flixpatrol.com/title/the-midnight-club/","The Midnight Club",1,3,0,6.5,18.3333333333333,81.6666666666667,7,0
"317","flixpatrol.com/title/the-blacklist/","The Blacklist",0,3,0,8,46.6666666666667,84.3333333333333,7,1
"318","flixpatrol.com/title/gabriel-iglesias-stadium-fluffy-live-from-los-angeles/","Gabriel Iglesias: Stadium Fluffy Live From Los Angeles",1,1,0,7.1,21,37,5,0
"319","flixpatrol.com/title/the-mole-2022/","The Mole",1,1,0,7.6,21,42,5,0
"320","flixpatrol.com/title/blade-of-the-47-ronin/","Blade of the 47 Ronin",0,1,1,4.7,15,89,4,1
"321","flixpatrol.com/title/the-chalk-line/","The Chalk Line",1,1,1,6.1,6,54,4,0
"322","flixpatrol.com/title/despicable-me-2/","Despicable Me 2",0,13,1,7.3,30.1538461538462,124.384615384615,5,1
"323","flixpatrol.com/title/the-curse-of-bridge-hollow/","The Curse of Bridge Hollow",1,3,1,5.5,28,92,6,0
"324","flixpatrol.com/title/luckiest-girl-alive/","Luckiest Girl Alive",1,4,1,6.4,14,72.25,7,0
"325","flixpatrol.com/title/the-stranger-2022/","The Stranger",1,2,1,6.6,21.5,76.5,5,0
"326","flixpatrol.com/title/dahmer-monster-the-jeffrey-dahmer-story/","Dahmer – Monster: The Jeffrey Dahmer Story",1,6,0,7.9,19.6666666666667,75.1666666666667,9,0
"327","flixpatrol.com/title/unsolved-mysteries-2020/","Unsolved Mysteries",1,2,0,7.3,21.5,26,5,1
"328","flixpatrol.com/title/the-sinner/","The Sinner",0,3,0,7.9,20.3333333333333,86.3333333333333,6,1
"329","flixpatrol.com/title/family-reunion/","Family Reunion",1,1,0,6.6,23,48,4,1
"330","flixpatrol.com/title/all-quiet-on-the-western-front-2022/","All Quiet on the Western Front",1,2,1,8.1,23.5,38.5,4,0
"331","flixpatrol.com/title/oblivion/","Oblivion",0,1,1,7,27,56,3,0
"332","flixpatrol.com/title/the-takeover/","The Takeover",1,1,1,5.2,24,52,3,0
"333","flixpatrol.com/title/the-school-for-good-and-evil/","The School for Good and Evil",1,3,1,5.8,27.6666666666667,118.333333333333,5,0
"334","flixpatrol.com/title/guillermo-del-toros-cabinet-of-curiosities/","Guillermo del Toro's Cabinet of Curiosities",1,2,0,7,23,89.5,4,0
"335","flixpatrol.com/title/big-mouth-2022/","Big Mouth",0,2,0,7.9,50.5,57.5,4,1
"336","flixpatrol.com/title/i-am-a-stalker/","I Am a Stalker",1,2,0,6.4,23,11,4,0
"337","flixpatrol.com/title/drink-masters/","Drink Masters",1,1,0,6.7,24,4,3,0
"338","flixpatrol.com/title/hotel-transylvania-2/","Hotel Transylvania 2",0,2,1,6.6,35.5,122,3,1
"339","flixpatrol.com/title/mile-22/","Mile 22",0,1,1,6.1,12,41,2,0
"340","flixpatrol.com/title/captain-phillips/","Captain Phillips",0,1,1,7.8,25,86,2,0
"341","flixpatrol.com/title/enola-holmes/","Enola Holmes",1,1,1,6.6,25,101,2,0
"342","flixpatrol.com/title/the-good-nurse/","The Good Nurse",1,3,1,6.8,13.6666666666667,71.6666666666667,4,0
"343","flixpatrol.com/title/minions-more-volume-2/","Minions & More Volume 2",0,1,1,6.4,24,91,2,1
"344","flixpatrol.com/title/killer-sally/","Killer Sally",1,2,0,6.7,22.5,11,3,0
"345","flixpatrol.com/title/inside-man-2022/","Inside Man",1,2,0,6.6,22.5,81.5,3,0
"346","flixpatrol.com/title/the-watcher-2022/","The Watcher",1,5,0,6.5,21.2,84.8,6,0
"347","flixpatrol.com/title/ripd-2-rise-of-the-damned/","R.I.P.D. 2: Rise of the Damned",0,1,1,4.5,22,106,1,1
"348","flixpatrol.com/title/i-am-vanessa-guillen/","I Am Vanessa Guillen",1,1,1,6.3,22,13,1,0
"349","flixpatrol.com/title/enola-holmes-2/","Enola Holmes 2",1,3,1,6.7,24.6666666666667,97.6666666666667,3,1
"350","flixpatrol.com/title/capturing-the-killer-nurse/","Capturing the Killer Nurse",1,1,1,6.4,22,13,1,0
"351","flixpatrol.com/title/ancient-apocalypse-2022/","Ancient Apocalypse",1,2,0,7.3,20,4.5,2,0
"352","flixpatrol.com/title/from-scratch/","From Scratch",1,5,0,7.9,21.4,36.2,5,0
"353","flixpatrol.com/title/manifest/","Manifest",1,11,0,7.1,24,74,3,1
"354","flixpatrol.com/title/warrior-nun/","Warrior Nun",1,2,0,7,20,71,2,1
"355","flixpatrol.com/title/slumberland/","Slumberland",1,2,1,6.7,28,103,1,0
"356","flixpatrol.com/title/where-the-crawdads-sing/","Where the Crawdads Sing",0,3,1,7.2,23,70,2,0
"357","flixpatrol.com/title/falling-for-christmas/","Falling for Christmas",1,3,1,5.2,26.6666666666667,46.3333333333333,2,0
"358","flixpatrol.com/title/christmas-with-you/","Christmas with You",1,2,1,5.6,28,72.5,1,0
"359","flixpatrol.com/title/the-wonder/","The Wonder",1,2,1,6.6,10,55,1,0
"360","flixpatrol.com/title/the-swimmers-2022/","The Swimmers",1,1,1,7.4,22,35,0,0
"361","flixpatrol.com/title/ghislaine-maxwell-filthy-rich/","Ghislaine Maxwell: Filthy Rich",1,1,1,6,19,16,0,0
"362","flixpatrol.com/title/1899/","1899",1,2,0,7.4,19,48,1,0
"363","flixpatrol.com/title/the-crown/","The Crown",1,3,0,8.6,21.2,38.4,10,0
"364","flixpatrol.com/title/pepsi-wheres-my-jet/","Pepsi, Where's My Jet?",1,2,0,7,19,5,1,0
"365","flixpatrol.com/title/our-universe/","Our Universe",1,1,0,7.6,28,6,0,0
"366","flixpatrol.com/title/troll-2022/","Troll",1,2,1,5.8,29,110,2,0
"367","flixpatrol.com/title/lady-chatterleys-lover-2022/","Lady Chatterley's Lover",1,2,1,6.6,13,54,2,0
"368","flixpatrol.com/title/the-noel-diary/","The Noel Diary",1,3,1,6.1,25.5,88.5,0,0
"369","flixpatrol.com/title/my-name-is-vendetta/","My Name Is Vendetta",1,2,1,5.5,15,83,2,0
"370","flixpatrol.com/title/snack-vs-chef/","Snack vs Chef",1,2,0,5.4,26,2,2,0
"371","flixpatrol.com/title/love-island-2019/","Love Island",0,2,0,5.2,15,18,2,0
"372","flixpatrol.com/title/dead-to-me/","Dead to Me",1,4,0,8,17.6666666666667,84,1,1
"373","flixpatrol.com/title/crime-scene-the-texas-killing-fields/","Crime Scene: The Texas Killing Fields",1,2,0,6.6,15,27,2,0
"374","flixpatrol.com/title/guillermo-del-toros-pinocchio/","Guillermo del Toro's Pinocchio",1,2,1,7.6,25.5,96,2,0
"375","flixpatrol.com/title/storks/","Storks",0,2,1,6.8,35.5,113,2,0
"376","flixpatrol.com/title/the-best-of-me/","The Best of Me",0,1,1,6.6,30,52,2,0
"377","flixpatrol.com/title/emily-the-criminal/","Emily the Criminal",0,2,1,6.7,12,61.5,2,0
"378","flixpatrol.com/title/burnt/","Burnt",0,1,1,6.6,11,80,2,1
"379","flixpatrol.com/title/21-jump-street/","21 Jump Street",0,5,1,7.2,41.5,68.5,2,0
"380","flixpatrol.com/title/pervert-hunting-the-strip-search-caller-2022/","Pervert: Hunting the Strip Search Caller",1,1,0,6.8,7,3,2,0
"381","flixpatrol.com/title/last-chance-u-basketball/","Last Chance U: Basketball",1,1,0,8.3,17,3,2,1
"382","flixpatrol.com/title/the-volcano-rescue-from-whakaari/","The Volcano: Rescue from Whakaari",1,2,1,7.3,32,3.5,2,0
"383","flixpatrol.com/title/a-bad-moms-christmas/","A Bad Moms Christmas",0,1,1,5.6,8,39,1,1
"384","flixpatrol.com/title/the-christmas-chronicles/","The Christmas Chronicles",1,4,1,7,26,113,1,0
"385","flixpatrol.com/title/prisoners/","Prisoners",0,3,1,8.1,10.6666666666667,69.3333333333333,2,0
"386","flixpatrol.com/title/i-believe-in-santa/","I Believe in Santa",1,2,1,4.4,25.5,57,2,0
"387","flixpatrol.com/title/a-not-so-merry-christmas/","A Not So Merry Christmas",1,1,1,4.8,19,65,1,0
"388","flixpatrol.com/title/sonic-prime/","Sonic Prime",0,2,0,7.3,25.5,167.5,2,0
"389","flixpatrol.com/title/too-hot-to-handle/","Too Hot to Handle",1,3,0,4.7,19.6,16.4,3,1
"390","flixpatrol.com/title/the-unbroken-voice/","The Unbroken Voice",0,4,0,7.6,8,39.6666666666667,2,0
"391","flixpatrol.com/title/glass-onion-a-knives-out-mystery/","Glass Onion: A Knives Out Mystery",1,2,1,7.2,32,96.5,1,1
"392","flixpatrol.com/title/roald-dahls-matilda-the-musical/","Roald Dahl's Matilda the Musical",1,1,1,7.1,28,122,0,0
"393","flixpatrol.com/title/the-invitation-2022/","The Invitation",0,2,1,5.3,32,16,1,0
"394","flixpatrol.com/title/trolls/","Trolls",0,2,1,6.4,38.5,145,1,0
"395","flixpatrol.com/title/white-noise-2022/","White Noise",1,1,1,5.7,7,70,0,0
"396","flixpatrol.com/title/after-ever-happy/","After Ever Happy",0,1,1,4.5,7,39,0,1
"397","flixpatrol.com/title/bullet-train/","Bullet Train",0,5,1,7.3,9.75,72.25,2,0
"399","flixpatrol.com/title/side-effects/","Side Effects",0,1,1,7.1,7,55,0,0
"400","flixpatrol.com/title/the-bad-guys-2022/","The Bad Guys",0,5,1,6.8,26.4,102.6,3,0
"401","flixpatrol.com/title/wednesday/","Wednesday",1,6,0,8.1,29,77.2,0,0
"402","flixpatrol.com/title/treason/","Treason",1,1,0,6.3,17,62,0,0
"403","flixpatrol.com/title/the-witcher-blood-origin/","The Witcher: Blood Origin",1,1,0,4.7,17,105,0,0
"404","flixpatrol.com/title/the-recruit-2022/","The Recruit",1,3,0,7.4,17.6666666666667,97.6666666666667,2,0
"405","flixpatrol.com/title/alice-in-borderland/","Alice in Borderland",1,2,0,7.7,18,85.5,1,1
"406","flixpatrol.com/title/harry-meghan/","Harry & Meghan",1,4,0,4.9,17,4.25,2,0
"407","flixpatrol.com/title/i-am-a-killer/","I Am a Killer",1,2,0,7.4,20,13.3333333333333,8,1
"408","flixpatrol.com/title/firefly-lane/","Firefly Lane",1,5,0,7.4,17,49.25,2,1
